{
    "feature_0": {
        "mean": -0.004435717098614195,
        "std": 0.9993201356005447,
        "min": -2.159994148794221,
        "max": 5.09140213258684,
        "values": [
            -0.3706885728690245,
            2.2661828021786343,
            -1.029906416630939,
            -0.18234061750847744,
            0.3827032485731636,
            -0.08816663982820393,
            1.7011389360969928,
            -0.9357324389506656,
            1.3244430253758988,
            -1.2182543719914858,
            0.1943552932126166,
            -0.2765145951887509,
            -0.7473844835901186,
            1.1360950700153518,
            1.512790980736446,
            0.4768772262534372,
            2.9254006459405484,
            0.1001813155323431,
            0.9477471146548048,
            0.6652251816139841
        ],
        "type": "float64"
    },
    "feature_1": {
        "mean": 0.0019227483303118017,
        "std": 1.015184638445827,
        "min": -3.0811485466035458,
        "max": 33.09477575528038,
        "values": [
            0.772720824579302,
            0.2682429522308399,
            -0.456287117040454,
            -0.4474193419405787,
            -0.4572724253848846,
            -0.4168747832632304,
            -0.3915852024228452,
            -0.3869870968155025,
            1.3258072419196731,
            -0.3252411072311855,
            1.2216929935248408,
            -0.6865208335224019,
            -0.2214552949511633,
            -0.5991568269828895,
            -0.14722873300405892,
            -0.3203145655090325,
            -0.4490615225146297,
            -0.3495453797271401,
            -0.5265724456098361,
            -0.11044388814531687
        ],
        "type": "float64"
    },
    "feature_2": {
        "mean": 0.0008132866972119165,
        "std": 1.0015158631325707,
        "min": -1.7791078364526218,
        "max": 1.8256284501384432,
        "values": [
            0.5038918117217194,
            -1.4186342077935157,
            0.263576059282315,
            1.5853126976990388,
            -1.1783184553541108,
            -0.33721332181619584,
            -0.8178448266950046,
            -0.4573711980358981,
            1.705470573918741,
            -0.09689756937679153,
            -1.5387920840132177,
            -0.5775290742556002,
            1.8256284501384432,
            0.7442075641611237,
            0.14341818306261284,
            0.023260306842910656,
            -1.0581605791344089,
            1.2248390690399324,
            0.8643654403808259,
            0.3837339355020172
        ],
        "type": "float64"
    },
    "feature_3": {
        "mean": -0.0032338924248765163,
        "std": 1.0019846360603464,
        "min": -1.0024778786007835,
        "max": 18.094699808975527,
        "values": [
            -0.9791791664971932,
            -0.5675685860004285,
            -0.7500751641452204,
            -0.2879840407573431,
            -0.3617632957520462,
            -0.4821399749539302,
            -0.7617245201970156,
            0.4653409839254149,
            -0.5209711617932475,
            -0.22197102313050346,
            -0.6180491288915412,
            0.2906006431484865,
            -0.12489305603220988,
            0.8225879028471352,
            0.5663020697076402,
            0.15469148921087555,
            -0.8355037751917187,
            -0.9636466917614662,
            3.9950958676193684,
            -0.8005557070363329
        ],
        "type": "float64"
    },
    "feature_4": {
        "mean": -0.003464647831905481,
        "std": 0.9977005725228307,
        "min": -0.5693506376457914,
        "max": 17.829695894179665,
        "values": [
            4.595294002866617,
            1.367391102546362,
            -0.5693506376457914,
            -0.2465603476137659,
            0.07622994241825963,
            1.0446008125143362,
            0.7218105224823107,
            0.3990202324502852,
            3.9497134228025663,
            2.658552262674464,
            7.1776163231228205,
            2.3357619726424383,
            4.272503712834592,
            1.6901813925783875,
            2.012971682610413,
            8.468777483250923,
            5.563664872962693,
            2.9813425527064896,
            3.6269231327705413,
            5.886455162994719
        ],
        "type": "float64"
    },
    "feature_5": {
        "mean": -0.004754179011473786,
        "std": 0.9958242784677346,
        "min": -0.4114531064930479,
        "max": 8.007800672898076,
        "values": [
            -0.4114531064930479,
            -0.12182278668006735,
            2.534786353673478,
            2.6845951397836405,
            1.4062268316435884,
            3.1839577601508484,
            0.2776673096136989,
            0.5373358722046471,
            1.446175841272965,
            3.2239067697802253,
            1.2164690359040498,
            0.5073741149826145,
            3.2838302842242904,
            2.5547608584881667,
            1.4162140840509327,
            2.3050795483045627,
            0.5173613673899586,
            -0.06189927223600241,
            2.9143019451525563,
            0.3775398336871405
        ],
        "type": "float64"
    },
    "feature_7": {
        "mean": 4.3385295976406155,
        "std": 3.262683663605309,
        "min": 0.0,
        "max": 11.0,
        "values": [
            7,
            3,
            4,
            6,
            9,
            0,
            1,
            5,
            2,
            10,
            8,
            11
        ],
        "type": "int64"
    },
    "feature_14": {
        "mean": 5.519612386770592,
        "std": 2.997812609719196,
        "min": 0.0,
        "max": 11.0,
        "values": [
            6,
            11,
            5,
            8,
            0,
            3,
            4,
            2,
            9,
            1,
            10,
            7
        ],
        "type": "int64"
    },
    "feature_15": {
        "mean": 2.559764061512534,
        "std": 0.9907504877501618,
        "min": 0.0,
        "max": 3.0,
        "values": [
            3,
            0,
            2,
            1
        ],
        "type": "int64"
    }
}